FELLOWSHIP,DEADLINE,"INTERNAL
DEADLINE"
Ernst Mach Grant for Research in Austria,Winter Quarter (January-March),
UChicago Global Travel Grants for PhD Student & Post Doctoral Scholar Research,Spring Quarter (April-June),"April 14, 2025"
Samvid Scholars Program,Spring Quarter (April-June),
"Digital Technology and Brain Development, Social Behaviours and Mental Health in Children and Young People",Spring Quarter (April-June),
LQC National Quantum Fellowships,Spring Quarter (April-June),
Simons Dissertation Fellowship in Mathematics,Winter Quarter (January-March),
Frontera Computational Science Fellowships (High Powered Computing),Winter Quarter (January-March),
Marguerite Fellowship Program for research in France,Fall Quarter (September-December),"December 2, 2024"
Bridge4Students Merit Scholarship,Fall Quarter (September-December),
Bridge4Students Emergency Bridge Grant,Rolling,
American Australian Association Graduate Study Fund,Fall Quarter (September-December),
Roblox Graduate Fellowship,Summer Quarter (July-August),
USAID Science for Development Fellowships,Fall Quarter (September-December),
Fulbright Postdoctoral Awards,Fall Quarter (September-December),
Rowland Institute at Harvard Fellows Program for Science and Engineering,Summer Quarter (July-August),
University of Minnesota Visiting Graduate Student Program (VGSP),"Fall Quarter (September-December)
Spring Quarter (April-June)",
Toshizo Watanabe Study Abroad Scholarship Program,Winter Quarter (January-March),
Society of Women Engineers (SWE) Scholarships,Winter Quarter (January-March),
Luxembourg National Research Fund Industrial PhD and Postdoctoral Fellowships,"Fall Quarter (September-December)
Spring Quarter (April-June)",
Science Olympiad Alumni Research (SOAR) Grant,"Spring Quarter (April-June)
Winter Quarter (January-March)",
Damon Runyon Cancer Research Foundation Fellowship,"Summer Quarter (July-August)
Winter Quarter (January-March)",
Japanese Consulate Monbukagakusho (MEXT) Scholarships for Graduate Research,Spring Quarter (April-June),
Woods Hole Oceanographic Institution Geophysical Fluid Dynamics (GFD) Fellowship Program,Winter Quarter (January-March),
Gamma Mu Foundation LGBTQ+ Scholarships,Winter Quarter (January-March),
Arnold O. Beckman Postdoctoral Fellowship in Chemical Sciences or Chemical Instrumentation,Fall Quarter (September-December),
American Meteorological Society (AMS) Graduate Fellowship in the History of Science,Spring Quarter (April-June),
Civic Engagement Microgrant Program for STEM students,Spring Quarter (April-June),
Office of Navajo Nation Scholarships & Financial Assistance (ONNSFA),Spring Quarter (April-June),
National Science Foundation (NSF) Mathematical Sciences Postdoctoral Research Fellowships (MSPRF),Fall Quarter (September-December),
National Radio Astronomy Observatory Summer Student Research Assistantships,Winter Quarter (January-March),
